{
  "software_domain": {
    "bleu": {
      "score": 30.31157078204964,
      "bp": 0.9837401985812029,
      "precisions": [
        63.84335154826958,
        38.06706114398422,
        24.193548387096776,
        15.330188679245284
      ]
    },
    "chrf": {
      "score": 59.502306303928435
    },
    "ter": {
      "score": 52.19611848825332
    }
  }
}